AuthorLast,AuthorInit,Title,Subtitle,CoverLink,TOCLink,AmazonHardback,AmazonPaperback,AmazonKindle

IVP Bible Dictionaries (8 books)

HARDCOVER EDITION

Dictionary of Paul and His Letters: A Compendium of Contemporary Biblical Scholarship (Rev. 2023)
0830817859 (10)
0830817856 (13)

Dictionary of Jesus and the Gospels (2013)
0830824561 (10)
0830824564 (13)

Dictionary of the Old Testament: Prophets (2012)
0830817840 (ASIN)
0830817849 (10)
0830817849 (13)

Dictionary of the Old Testament: Historical Books (2005)
0830817824 (ASIN)
0830817825 (10)
0830817825 (13)

Dictionary of the Old Testament: Wisdom, Poetry & Writings: A Compendium of Contemporary Biblical Scholarship (2010)
0830817832 (10)
0830817832 (13)

Dictionary of the Old Testament: Pentateuch: A Compendium of Contemporary Biblical Scholarship (2002)
0830817816 (10)
0830817818 (130

Dictionary of New Testament Background (2000)
0830817808 (10)
0830817801 (13)

Dictionary of the Later New Testament & Its Developments: A Compendium of Contemporary Biblical Scholarship (1997)
0830817794 (10)
0830817795 (13)

KINDLE EDITION

Dictionary of Paul and His Letters: A Compendium of Contemporary Biblical Scholarship (Rev. 2023)
B0BC9XLB22
0830849369

Dictionary of Jesus and the Gospels (2013)
B00HUCPUU6
0830884384

Dictionary of the Old Testament: Prophets (2013)
B00HUCPVKU
0830895830

Dictionary of the Old Testament: Historical Books (2011)
B00EQVE5F0
0830869466

Dictionary of the Old Testament: Wisdom, Poetry & Writings: A Compendium of Contemporary Biblical Scholarship (2010)
B00EQVE8CA
0830867387

Dictionary of the Old Testament: Pentateuch: A Compendium of Contemporary Biblical Scholarship (2010)
B00EQVE0YQ
0830867370

Dictionary of New Testament Background (2000)
0830817808 (10)
0830817801 (13)

Dictionary of the Later New Testament & Its Developments: A Compendium of Contemporary Biblical Scholarship (1997)
B00EQVDPLK
0830867363





"Martin,Davis,Evans and 13 more editors",IVP Bible Dictionaries (8 books) Hardcover Edition,B08CNBF5GF (Same ASIN for both Hardcover $348.45 & Kindle $239.92)

Martin,RP,"Dictionary of the Later New Testament & Its Developments","A Compendium of Contemporary Biblical Scholarship","dictionary-of-the-later-new-testament-&-its-developments.jpg",,"https://www.amazon.com/gp/product/B00EQVDPLK?tag=themissiontod-20","https://www.amazon.com/gp/product/0830867363?tag=themissiontod-20",

Alexander,TD,"Dictionary of the Old Testament: Pentateuch","A Compendium of Contemporary Biblical Scholarship","dictionary-of-the-old-testament-pentateuch.jpg",,"https://www.amazon.com/gp/product/0830817816?tag=themissiontod-20","https://www.amazon.com/gp/product/0830817818?tag=themissiontod-20",

Arnold,BT,"Dictionary of the Old Testament: Historical Books","A Compendium of Contemporary Biblical Scholarship","dictionary-of-the-old-testament-historical-books.jpg",,"https://www.amazon.com/gp/product/0830817824?tag=themissiontod-20","https://www.amazon.com/gp/product/0830817825?tag=themissiontod-20",

Green,JB,"Dictionary of Jesus and the Gospels","", "dictionary-of-jesus-and-the-gospels.jpg",,"https://www.amazon.com/gp/product/0830824561?tag=themissiontod-20","https://www.amazon.com/gp/product/0830824564?tag=themissiontod-20",

McKnight,S,"Dictionary of Paul and His Letters","A Compendium of Contemporary Biblical Scholarship","dictionary-of-paul-and-his-letters.jpg",,"https://www.amazon.com/gp/product/083817859?tag=themissiontod-20","https://www.amazon.com/gp/product/083087856?tag=themissiontod-20",

Longman III,T,"Dictionary of the Old Testament: Wisdom, Poetry & Writings","A Compendium of Contemporary Biblical Scholarship","dictionary-of-the-old-testament-wisdom-poetry-writings.jpg",,"https://www.amazon.com/gp/product/0830817832?tag=themissiontod-20",,

Boda,M,"Dictionary of the Old Testament: Prophets","A Compendium of Contemporary Biblical Scholarship","dictionary-of-the-old-testament-prophets.jpg",,"https://www.amazon.com/gp/product/0830817840?tag=themissiontod-20","https://www.amazon.com/gp/product/0830817849?tag=themissiontod-20",

Evans,CA,"Dictionary of New Testament Background","A Compendium of Contemporary Biblical Scholarship","dictionary-of-new-testament-background.jpg",,"https://www.amazon.com/gp/product/0830817808?tag=themissiontod-20","https://www.amazon.com/gp/product/0830817801?tag=themissiontod-20",



