Host,Title,Teacher,Duration,Audio URL,Transcript URL,Keywords,Product Image URL,Amazon URL
Mrn-02,Revelation: Singing Maranatha When Nations Collapse,Richardson, J,1:00,https://www.youtube.com/watch?v=GuasAvH3yi4,N/A,Revelation,end times,eschatology,second coming,apocalyptic,eschaton,new beginning,Singing Maranatha,https://placeholder.image/02.jpg,https://amazon.com/placeholder02
Mrn-04,Revelation: The Capstone of Jewish Cruciform Apocalypticism,Richardson, J,1:15,https://www.youtube.com/watch?v=9Vnw5nK8BxA,N/A,Revelation,end times,eschatology,second coming,apocalyptic,eschaton,new beginning,Jewish apocalyptic,https://placeholder.image/04.jpg,https://amazon.com/placeholder04
Mrn-06,Revelation: Now To Him,Richardson, J,0:58,https://www.youtube.com/watch?v=Ed7LTCi4NbE,N/A,Revelation,end times,eschatology,second coming,apocalyptic,eschaton,new beginning,Doxology,https://placeholder.image/06.jpg,https://amazon.com/placeholder06
Mrn-07,Revelation: The Wonder of the Jesus We Don’t Truly Know,Thomas, D,1:08,https://www.youtube.com/watch?v=AQkP_v28daQ,N/A,Revelation,end times,eschatology,second coming,apocalyptic,eschaton,new beginning,Jesus revelation,https://placeholder.image/07.jpg,https://amazon.com/placeholder07
Mrn-08,Revelation: The False Teachings About the BOR That Are Hurting Us,Thomas, D,1:10,https://www.youtube.com/watch?v=hdvPDdm3I4M,N/A,Revelation,end times,eschatology,second coming,apocalyptic,eschaton,new beginning,false teachings,https://placeholder.image/08.jpg,https://amazon.com/placeholder08
Mrn-09,Revelation: The Son of Man’s Messages to the Seven Churches,Richardson, J,1:04,https://www.youtube.com/watch?v=zPxFhcW60Po,N/A,Revelation,end times,eschatology,second coming,apocalyptic,eschaton,new beginning,church messages,https://placeholder.image/09.jpg,https://amazon.com/placeholder09
Mrn-10,Revelation: Identifying the Church’s Three Great Pitfalls,Richardson, J,1:00,https://www.youtube.com/watch?v=CmFA83N8yzk,N/A,Revelation,end times,eschatology,second coming,apocalyptic,eschaton,new beginning,church pitfalls,https://placeholder.image/10.jpg,https://amazon.com/placeholder10
Mrn-13,Revelation: The Beginning of Birth Pains,Richardson, J,0:55,https://www.youtube.com/watch?v=yiuCEnrP_wA,N/A,Revelation,end times,eschatology,second coming,apocalyptic,eschaton,new beginning,birth pains,https://placeholder.image/13.jpg,https://amazon.com/placeholder13
Mrn-14,Revelation: The Conquering Rider on the White Horse,Richardson, J,1:05,https://www.youtube.com/watch?v=AQdHeqk7-EY,N/A,Revelation,end times,eschatology,second coming,apocalyptic,eschaton,new beginning,white horse rider,https://placeholder.image/14.jpg,https://amazon.com/placeholder14
Mrn-19,Revelation: The Sun Goes Black, The Moon Turns Red, The Earth Trembles,Richardson, J,1:00,https://www.youtube.com/watch?v=pRyTLQQttUs,N/A,Revelation,end times,eschatology,second coming,apocalyptic,eschaton,new beginning,cosmic signs,https://placeholder.image/19.jpg,https://amazon.com/placeholder19
Mrn-20,Revelation: The Sign of the Coming of the Son of Man,Richardson, J,1:03,https://www.youtube.com/watch?v=iGPnD8ZKA2w,N/A,Revelation,end times,eschatology,second coming,apocalyptic,eschaton,new beginning,parousia,https://placeholder.image/20.jpg,https://amazon.com/placeholder20
Mrn-21,Revelation: The Mysterious Identity of The 144,000 Revealed,Richardson, J,1:05,https://www.youtube.com/watch?v=jysruxw71MM,N/A,Revelation,end times,eschatology,second coming,apocalyptic,eschaton,new beginning,144000 Israel,https://placeholder.image/21.jpg,https://amazon.com/placeholder21
Mrn-24,Revelation: The Second Exodus in the Book of Revelation,Richardson, J,1:10,https://www.youtube.com/watch?v=PJK-cFr3j0w,N/A,Revelation,end times,eschatology,second coming,apocalyptic,eschaton,new beginning,second exodus,https://placeholder.image/24.jpg,https://amazon.com/placeholder24
Mrn-26,Revelation: Identifying The Mighty Angel Who Comes From Heaven,Richardson, J,1:02,https://www.youtube.com/watch?v=xE5_GWP14Js,N/A,Revelation,end times,eschatology,second coming,apocalyptic,eschaton,new beginning,mighty angel,https://placeholder.image/26.jpg,https://amazon.com/placeholder26
Mrn-27,Revelation: The Mighty Angel With a Voice Like a Lion,Richardson, J,1:08,https://www.youtube.com/watch?v=sbNBb8yxWAA,N/A,Revelation,end times,eschatology,second coming,apocalyptic,eschaton,new beginning,lion voice,https://placeholder.image/27.jpg,https://amazon.com/placeholder27
Mrn-28,Revelation: The Coming Rebuilt Temple in Jerusalem,Richardson, J,1:05,https://www.youtube.com/watch?v=BN2GtffhJaU,N/A,Revelation,end times,eschatology,second coming,apocalyptic,eschaton,new beginning,rebuilt temple,https://placeholder.image/28.jpg,https://amazon.com/placeholder28
Mrn-33,Revelation: The Dragon's Final Assault Against the People of God,Richardson, J,1:07,https://www.youtube.com/watch?v=-wtHJTnYiLI,N/A,Revelation,end times,eschatology,second coming,apocalyptic,eschaton,new beginning,dragon assault,https://placeholder.image/33.jpg,https://amazon.com/placeholder33
Mrn-34,Revelation: The Woman Clothed with the Sun and Her Children,Richardson, J,1:05,https://www.youtube.com/watch?v=7tk2pI5EVxE,N/A,Revelation,end times,eschatology,second coming,apocalyptic,eschaton,new beginning,woman clothed with sun,https://placeholder.image/34.jpg,https://amazon.com/placeholder34
Mrn-36,Revelation: Zion and Babylon,Richardson, J,1:06,https://www.youtube.com/watch?v=B-5fd7oaY_E,N/A,Revelation,end times,eschatology,second coming,apocalyptic,eschaton,new beginning,Zion,Babylon,https://placeholder.image/36.jpg,https://amazon.com/placeholder36
Mrn-39,Revelation: The Fourth Beast in Daniel and Revelation,Richardson, J,1:08,https://www.youtube.com/watch?v=pnBcEH35fdA,N/A,Revelation,end times,eschatology,second coming,apocalyptic,eschaton,new beginning,Fourth Beast,Daniel,https://placeholder.image/39.jpg,https://amazon.com/placeholder39
Mrn-40,Revelation: The Fatal Head Wound of the Beast,Richardson, J,1:06,https://www.youtube.com/watch?v=Tskix2NNhoE,N/A,Revelation,end times,eschatology,second coming,apocalyptic,eschaton,new beginning,Fatal Head Wound,Beast,https://placeholder.image/40.jpg,https://amazon.com/placeholder40
Mrn-42,Revelation: The False Prophet, the Great Deception, and the Apostasy,Richardson, J,1:09,https://www.youtube.com/watch?v=ePBXb7Zz7QA,N/A,Revelation,end times,eschatology,second coming,apocalyptic,eschaton,new beginning,False Prophet,Deception,Apostasy,https://placeholder.image/42.jpg,https://amazon.com/placeholder42
Mrn-43,Revelation: The Number, Name, Mark, and Image of the Beast,Richardson, J,1:08,https://www.youtube.com/watch?v=9Nqo9mH8c78,N/A,Revelation,end times,eschatology,second coming,apocalyptic,eschaton,new beginning,Number,Mark,Image,Beast,https://placeholder.image/43.jpg,https://amazon.com/placeholder43
Mrn-48,Revelation: The Antichrist and the Beast from Genesis to Revelation,Richardson, J,1:09,https://www.youtube.com/watch?v=l8lw_7c7NDY,N/A,Revelation,end times,eschatology,second coming,apocalyptic,eschaton,new beginning,Antichrist,Beast,https://placeholder.image/48.jpg,https://amazon.com/placeholder48
Mrn-49,The Seven Bowls of Wrath and the Sea of Glass,Thomas, D,1:12,https://www.youtube.com/watch?v=4ocuRXAdycs,N/A,Revelation,end times,eschatology,second coming,apocalyptic,eschaton,new beginning,Seven Bowls,Wrath,https://placeholder.image/49.jpg,https://amazon.com/placeholder49
Mrn-50,We Are Not Appointed for Wrath,Thomas, D,1:11,https://www.youtube.com/watch?v=58BdkHKsTnE,N/A,Revelation,end times,eschatology,second coming,apocalyptic,eschaton,new beginning,Wrath,Appointed,https://placeholder.image/50.jpg,https://amazon.com/placeholder50
Mrn-51,Mystery Babylon the Great,Richardson, J,1:10,https://www.youtube.com/watch?v=S5AINa65Xug,N/A,Revelation,end times,eschatology,second coming,apocalyptic,eschaton,new beginning,Mystery Babylon,https://placeholder.image/51.jpg,https://amazon.com/placeholder51
Mrn-54,Is Rome the Great Harlot?,Richardson, J,1:12,https://www.youtube.com/watch?v=SeVrrVGtuRU,N/A,Revelation,end times,eschatology,second coming,apocalyptic,eschaton,new beginning,Rome,Harlot,https://placeholder.image/54.jpg,https://amazon.com/placeholder54
Mrn-55,Don't Be a Nimrod!,Richardson, J,1:08,https://www.youtube.com/watch?v=nK_jFOFtYXI,N/A,Revelation,end times,eschatology,second coming,apocalyptic,eschaton,new beginning,Nimrod,https://placeholder.image/55.jpg,https://amazon.com/placeholder55
Mrn-56,Debunking a Jewish Antichrist,Richardson, J,1:10,https://www.youtube.com/watch?v=S3YksPBmFBw,N/A,Revelation,end times,eschatology,second coming,apocalyptic,eschaton,new beginning,Jewish Antichrist,https://placeholder.image/56.jpg,https://amazon.com/placeholder56
Mrn-57,Jerusalem the Bride & Babylon the Great Harlot,Richardson, J,1:09,https://www.youtube.com/watch?v=IIY9DLi6vVw,N/A,Revelation,end times,eschatology,second coming,apocalyptic,eschaton,new beginning,Jerusalem,Bride,Harlot,https://placeholder.image/57.jpg,https://amazon.com/placeholder57
Mrn-58,Debunking Jerusalem as the Great Harlot,Richardson, J,1:11,https://www.youtube.com/watch?v=vP4KLJ6QkIg,N/A,Revelation,end times,eschatology,second coming,apocalyptic,eschaton,new beginning,Jerusalem,Harlot,https://placeholder.image/58.jpg,https://amazon.com/placeholder58
Mrn-59,Is the United States Mystery Babylon?,Richardson, J,1:12,https://www.youtube.com/watch?v=FqLcUg0L1xw,N/A,Revelation,end times,eschatology,second coming,apocalyptic,eschaton,new beginning,USA,Mystery Babylon,https://placeholder.image/59.jpg,https://amazon.com/placeholder59
Mrn-60,Is the Illuminati or the New World Order the Great Harlot?,Richardson, J,1:11,https://www.youtube.com/watch?v=L_0Vlyy0zC8,N/A,Revelation,end times,eschatology,second coming,apocalyptic,eschaton,new beginning,Illuminati,NWO,Harlot,https://placeholder.image/60.jpg,https://amazon.com/placeholder60
Mrn-61,Babylon Rising?,Richardson, J,1:10,https://www.youtube.com/watch?v=CdxTUMVlKYI,N/A,Revelation,end times,eschatology,second coming,apocalyptic,eschaton,new beginning,Babylon,Rising,https://placeholder.image/61.jpg,https://amazon.com/placeholder61
Mrn-62,The Great City,Richardson, J,1:09,https://www.youtube.com/watch?v=sEl2el4XsLo,N/A,Revelation,end times,eschatology,second coming,apocalyptic,eschaton,new beginning,Great City,https://placeholder.image/62.jpg,https://amazon.com/placeholder62
Mrn-63,An Introduction to the Second Coming and the Millennial Reign,Thomas, D,1:15,https://www.youtube.com/watch?v=aZl1JIqi6OM,N/A,Revelation,end times,eschatology,second coming,apocalyptic,eschaton,new beginning,Millennial Reign,https://placeholder.image/63.jpg,https://amazon.com/placeholder63
Mrn-64,All Hail the Bloody King,Thomas, D,1:12,https://www.youtube.com/watch?v=dZduDFHsVHA,N/A,Revelation,end times,eschatology,second coming,apocalyptic,eschaton,new beginning,Bloody King,https://placeholder.image/64.jpg,https://amazon.com/placeholder64
Mrn-65,The Bride and the Bloody Conqueror,Thomas, D,1:10,https://www.youtube.com/watch?v=1_L7RMqJA20,N/A,Revelation,end times,eschatology,second coming,apocalyptic,eschaton,new beginning,Bride,Conqueror,https://placeholder.image/65.jpg,https://amazon.com/placeholder65
Mrn-66,The Marriage Supper of the Lamb,Richardson, J,1:15,https://www.youtube.com/watch?v=HvLGESGmPK0,N/A,Revelation,end times,eschatology,second coming,apocalyptic,eschaton,new beginning,Marriage Supper,Lamb,https://placeholder.image/66.jpg,https://amazon.com/placeholder66
Mrn-67,The Return of Jesus,Richardson, J,1:12,https://www.youtube.com/watch?v=UQ_FcA4ipgc,N/A,Revelation,end times,eschatology,second coming,apocalyptic,eschaton,new beginning,Return of Jesus,https://placeholder.image/67.jpg,https://amazon.com/placeholder67
Mrn-68,The Divine Blood Soaked Warrior,Richardson, J,1:11,https://www.youtube.com/watch?v=OWjkpfJZ3ZY,N/A,Revelation,end times,eschatology,second coming,apocalyptic,eschaton,new beginning,Blood Warrior,https://placeholder.image/68.jpg,https://amazon.com/placeholder68
Mrn-69,The Feast of God,Richardson, J,1:08,https://www.youtube.com/watch?v=tpToVsGqsvk,N/A,Revelation,end times,eschatology,second coming,apocalyptic,eschaton,new beginning,Feast of God,https://placeholder.image/69.jpg,https://amazon.com/placeholder69
Mrn-70,Armageddon & the Death of the Antichrist,Richardson, J,1:14,https://www.youtube.com/watch?v=8J5S-UrFTac,N/A,Revelation,end times,eschatology,second coming,apocalyptic,eschaton,new beginning,Armageddon,Antichrist,https://placeholder.image/70.jpg,https://amazon.com/placeholder70
Mrn-71,Islamic Eschatology and the Book of Revelation,Richardson, J,1:12,https://www.youtube.com/watch?v=3DzUyWmj98I,N/A,Revelation,end times,eschatology,second coming,apocalyptic,eschaton,new beginning,Islamic eschatology,https://placeholder.image/71.jpg,https://amazon.com/placeholder71
Mrn-72,Thy Kingdom Come,Richardson, J,1:10,https://www.youtube.com/watch?v=IlpxKNEa5ds,N/A,Revelation,end times,eschatology,second coming,apocalyptic,eschaton,new beginning,Kingdom Come,https://placeholder.image/72.jpg,https://amazon.com/placeholder72
Mrn-73,Kingdom People on Enemy Ground,Caliguiri, G,1:09,https://www.youtube.com/watch?v=wAKGe5LbvXE,N/A,Revelation,end times,eschatology,second coming,apocalyptic,eschaton,new beginning,Kingdom People,Enemy Ground,https://placeholder.image/73.jpg,https://amazon.com/placeholder73
Mrn-74,What will the Millennium Be Like?,Caliguiri, G,1:11,https://www.youtube.com/watch?v=go6wP3thR4w,N/A,Revelation,end times,eschatology,second coming,apocalyptic,eschaton,new beginning,Millennium,https://placeholder.image/74.jpg,https://amazon.com/placeholder74
Mrn-75,The Final Rebellion,Caliguiri, G,1:12,https://www.youtube.com/watch?v=fG-FrXTrRVA,N/A,Revelation,end times,eschatology,second coming,apocalyptic,eschaton,new beginning,Final Rebellion,https://placeholder.image/75.jpg,https://amazon.com/placeholder75
Mrn-76,The Final Judgment,Caliguiri, G,1:13,https://www.youtube.com/watch?v=SDb9BuiPaNE,N/A,Revelation,end times,eschatology,second coming,apocalyptic,eschaton,new beginning,Final Judgment,https://placeholder.image/76.jpg,https://amazon.com/placeholder76
Mrn-77,The Millennium & Church History,Richardson, J,1:11,https://www.youtube.com/watch?v=kFdAyEfsGuw,N/A,Revelation,end times,eschatology,second coming,apocalyptic,eschaton,new beginning,Millennium,Church History,https://placeholder.image/77.jpg,https://amazon.com/placeholder77
Mrn-78,Oct. 7th & the Rise of the Beast Empire,Caliguiri, G,1:12,https://www.youtube.com/watch?v=dyPtwThKkaw,N/A,Revelation,end times,eschatology,second coming,apocalyptic,eschaton,new beginning,Beast Empire,https://placeholder.image/78.jpg,https://amazon.com/placeholder78
Mrn-79,Beyond the Beast Empire,Caliguiri, G,1:10,https://www.youtube.com/watch?v=3i79VS_L3Uo,N/A,Revelation,end times,eschatology,second coming,apocalyptic,eschaton,new beginning,Beyond Beast Empire,https://placeholder.image/79.jpg,https://amazon.com/placeholder79
Mrn-80,The Covenantal Necessity of the Millennium,Richardson, J,1:09,https://www.youtube.com/watch?v=0VLJf-NlZmA,N/A,Revelation,end times,eschatology,second coming,apocalyptic,eschaton,new beginning,Covenantal Necessity,Millennium,https://placeholder.image/80.jpg,https://amazon.com/placeholder80
Mrn-81,The New Testament Proof for Premillennialism,Richardson, J,1:12,https://www.youtube.com/watch?v=EWJcgJOpYO8,N/A,Revelation,end times,eschatology,second coming,apocalyptic,eschaton,new beginning,Premillennialism,New Testament,https://placeholder.image/81.jpg,https://amazon.com/placeholder81
Mrn-82,New Heavens, New Earth, New Jerusalem,Caliguiri, G,1:11,https://www.youtube.com/watch?v=4F1edfT4Aj0,N/A,Revelation,end times,eschatology,second coming,apocalyptic,eschaton,new beginning,New Heavens,New Earth,New Jerusalem,https://placeholder.image/82.jpg,https://amazon.com/placeholder82
Mrn-83,All Things New,Caliguiri, G,1:09,https://www.youtube.com/watch?v=8NO-dV0fn-Y,N/A,Revelation,end times,eschatology,second coming,apocalyptic,eschaton,new beginning,All Things New,https://placeholder.image/83.jpg,https://amazon.com/placeholder83
Mrn-84,The Restoration of All Things,Richardson, J,1:08,https://www.youtube.com/watch?v=wlu_L7E0Cm0,N/A,Revelation,end times,eschatology,second coming,apocalyptic,eschaton,new beginning,Restoration,All Things,https://placeholder.image/84.jpg,https://amazon.com/placeholder84
Mrn-85,Touring the New Jerusalem,Caliguiri, G,1:10,https://www.youtube.com/watch?v=C14I0dez_nY,N/A,Revelation,end times,eschatology,second coming,apocalyptic,eschaton,new beginning,Touring,New Jerusalem,https://placeholder.image/85.jpg,https://amazon.com/placeholder85
Mrn-86,The Triumph of the Lamb,Caliguiri, G,1:12,https://www.youtube.com/watch?v=TjjRc8_1D84,N/A,Revelation,end times,eschatology,second coming,apocalyptic,eschaton,new beginning,Triumph,Lamb,https://placeholder.image/86.jpg,https://amazon.com/placeholder86
Mrn-87,The Miraculous Stones of New Jerusalem,Richardson, J,1:11,https://www.youtube.com/watch?v=VPWjEAgoPIw,N/A,Revelation,end times,eschatology,second coming,apocalyptic,eschaton,new beginning,Miraculous Stones,New Jerusalem,https://placeholder.image/87.jpg,https://amazon.com/placeholder87
Mrn-88,Come Lord Jesus,Caliguiri, G,1:09,https://www.youtube.com/watch?v=v2ti-bKlDP0,N/A,Revelation,end times,eschatology,second coming,apocalyptic,eschaton,new beginning,Come Lord Jesus,https://placeholder.image/88.jpg,https://amazon.com/placeholder88
