Author,Title,Subtitle,Why Essential,Amazon ASIN,Paperback Link,Kindle Link,Hardback Link,Estimated Price

Beale,GK,Handbook on the New Testament Use of the Old Testament (2022),Exegesis and Interpretation,How NT authors used OT - essential for biblical theology,B0C4YP31GH H,0801038960,9780801038969 P,B008SAO5KA,9781441240255 K

Beale,GK,Commentary on the New Testament Use of the Old Testament (2007),A Comprehensive Bible Commentary on Old Testament Quotations, Allusions & Echoes That Appear from Matthew through Revelation,0801026938,9780801026935 H,B0088475PS,9781441210524 K

Doriani,DM,Getting the Message,A Plan for Interpreting and Applying the Bible,Practical guide from text to application.,1629950149,9781629950143 P,B0BFZ98MNH,9781629950150 K

Fee Gordon D.,New Testament Exegesis (2002),A Handbook for Students and Pastors,Practical guide to NT exegesis methodology.,0664223168,9780664223168 P,B00SLHGVLQ,9781611642773 K

Fee Gordon D. & Stuart Douglas,How to Read the Bible for All Its Worth,Fourth Edition (2014),THE essential introduction to biblical interpretation - must-have.,0310518083,9780310518082 P,B000S1LXM0,9780310853640 K

Kaiser Walter C. Jr.,Toward an Exegetical Theology (1998),Biblical Exegesis for Preaching and Teaching,From exegesis to exposition - bridging study and teaching.,0801021979,9780801021978 P,B00B85AFVU,9781441210678 K

Klein William W. & Blomberg Craig L. & Hubbard Robert L.,Introduction to Biblical Interpretation,Third Edition,A comprehensive hermeneutics textbook combining theory and practice., 0310524172,9780310524175 H,B01HAKH3T8,9780310524182 K

Osborne Grant R.,The Hermeneutical Spiral (2006),A Comprehensive Introduction to Biblical Interpretation,Advanced hermeneutics textbook - seminary standard.,0830828265,9780830828265 P,B0037Z8SOK,9780830878772 K

Poythress Vern S.,Reading the Word of God in the Presence of God (2016),A Handbook for Biblical Interpretation,Theologically rich approach to hermeneutics.,1433543249,9781433543241 P,B01BU6DDBU,9781433543265 K

Stuart Douglas,Old Testament Exegesis 4th Edition,A Handbook for Students and Pastors,Practical guide to OT exegesis methodology.,0664233449,9780664233440 P

Thiselton,AC,Hermeneutics,An Introduction,Accessible introduction to hermeneutical theory and practice.,0802864104,9780802864109 P,B003F3FK22,9781467433952 K

Vanhoozer,KJ,Mere Christian Hermeneutics (2024),Transfiguring What It Means to Read the Bible Theologically,0310234387,9780310234388 H,B0CW1BZB9Y,9780310114512 K

Vanhoozer Kevin J.,Is There a Meaning in This Text?,The Bible the Reader and the Morality of Literary Knowledge,Advanced hermeneutics - philosophical foundations


