JAMES,DR. T
AuthorLast,AuthorInit,Title,Subtitle,CoverLink,TOCLink,AmazonHardback,AmazonPaperback,AmazonKindle
James,Dr. T,Presuppositions,Recovering the Biblical Worldview of God's Redemptive Plan,james-dr-tim-presuppositions-9798282544145.jpg,Presuppositions-TOC.pdf,,https://www.amazon.com/dp/B0FB9KWYFL?tag=themissiontod-20,https://www.amazon.com/dp/B0F8PKLNDD?tag=themissiontod-20
James,Dr. T,Tree of Life,Symbol of God's Spirit in Eden, Paradise, and the New Jerusalem,james-dr-tim-tree-of-life-9798285942238.jpg,Tree of Life-TOC.pdf,,https://www.amazon.com/dp/B0FBKDKRZM?tag=themissiontod-20,https://www.amazon.com/dp/B0FB8GP9JG?tag=themissiontod-20
James,Dr. Tim,God’s Whispers,The Prophets on How the New Age Begins,james-dr-tim-gods-whispers-9798290235202.jpg,Gods Whispers-TOC.pdf,,https://www.amazon.com/dp/B0FGDHJLSZ?tag=themissiontod-20,https://www.amazon.com/dp/B0FG7BK5N1?tag=themissiontod-20
James,Dr. Tim,The Day of the Lord Vol 1,The Day Heaven Comes to Earth,james-dr-tim-day-of-the-lord-v1-9798298090179.jpg,The Day of the Lord Vol 1-TOC.pdf,,https://www.amazon.com/dp/B0FMP78SY3?tag=themissiontod-20,https://www.amazon.com/dp/B0FMJ7S9Y8?tag=themissiontod-20
James,Dr. T,The Day of the Lord Vol 2,The Book of Revelation,james-dr-tim-day-of-the-lord-v2-9798263713393.jpg,The Day of the Lord Vol 2-TOC.pdf,,https://www.amazon.com/dp/B0FPRLC8SJ?tag=themissiontod-20,https://www.amazon.com/dp/B0FPLSWL3W?tag=themissiontod-20

IVP BIBLE DICTIONARIES
AuthorLast,AuthorInit,Title,Subtitle,CoverLink,TOCLink,AmazonHardback,AmazonPaperback,AmazonKindle
"Martin,Davids,Evans and 13 more editors",IVP Bible Dictionaries (8 books) Hardcover Edition,ivp-dictionaries-

McKnight,Cohick,Gupta,Dictionary of Paul and His Letters,,dictionary-of-paul-and-his-letters.jpg,,https://www.amazon.com/dp/083087856?tag=themissiontod-20,https://www.amazon.com/dp/083817859?tag=themissiontod-20

Martin,Davids,Dictionary of the Later New Testament & Its Developments,,dictionary-of-the-later-new-testament-&-its-developments.jpg,,https://www.amazon.com/dp/0830817794?tag=themissiontod-20,https://www.amazon.com/dp/0830817795?tag=themissiontod-20

Evans,Porter,Dictionary of New Testament Background,,dictionary-of-new-testament-background.jpg,,https://www.amazon.com/dp/0830817808?tag=themissiontod-20,https://www.amazon.com/dp/0830817801?tag=themissiontod-20

Longman,Enns,Dictionary of the Old Testament: Wisdom, Poetry & Writings,,dictionary-of-the-old-testament-wisdom-poetry-writings.jpg,,https://www.amazon.com/dp/0830817832?tag=themissiontod-20,

Alexander,Baker,Dictionary of the Old Testament: Pentateuch,,dictionary-of-the-old-testament-pentateuch.jpg,,https://www.amazon.com/dp/0830817816?tag=themissiontod-20,https://www.amazon.com/dp/0830817818?tag=themissiontod-20

Arnold,Williamson,Dictionary of the Old Testament: Historical Books,,dictionary-of-the-old-testament-historical-books.jpg,,https://www.amazon.com/dp/0830817824?tag=themissiontod-20,https://www.amazon.com/dp/0830817825?tag=themissiontod-20

Boda,McConville,Dictionary of the Old Testament: Prophets,,dictionary-of-the-old-testament-prophets.jpg,,https://www.amazon.com/dp/0830817840?tag=themissiontod-20,https://www.amazon.com/dp/0830817849?tag=themissiontod-20
