Bowen-Lewis,,Learn to Read Ancient Sumerian Vol. 1 (2019),Sumerian is the world's oldest written language, and this book was written specifically for people with no training in ancient languages, letting the reader learn Sumerian without having to learn grammatical jargon first. Every chapter includes a list of vocabulary and cuneiform signs for the student to master.can be found on the Digital Hammurabi website: https://www.digitalhammurabi.com/publications-and-research.,1734358602,9781734358605 P,B0839PTQR7,9781734358612 K

Bowen-Lewis,,Learn to Read Ancient Sumerian Vol. 2 (2023),Vol. 1 gave you the basic tools to understand Sumerian cuneiform. Vol. 2 gives you the detail and nuance. Writing exercises enable you to start reading authentic Sumerian right from the start, building up to translating ancient cuneiform inscriptions from drawings and photographs.,B0CLY3N614,9798988902119 P,B0CM9QVQH5,9798988902126 K

Chappell,AJ,Basics of Sahidic Coptic (2025),A Complete Grammar with Exercises, Readings, and Lexicon. Sahidic Coptic is the most documented dialect of the Coptic language. Its many extant texts from the first millennium are directly pertinent for textual issues related to the study of both the Old and New Testaments.,0310160308,9780310160304 P,B0F1FGNPMV,9780310160311 K

Cooper,D,Basics of Latin (2020),A Grammar with Readings and Exercises from the Christian Tradition,0310538998,9780310538998 P,B081MVQHHW,9780310539001 K

Hugenberger-Erickson,Basics of Akkadian (2022),A Grammar, Workbook, and Glossary,This is a one-semester introductory textbook to the Akkadian language. The grammar provides students with essential tools to grasp the Akkadian language and transition into translation quickly.0310134595,9780310134596 P

Ibrahim,AS,Basics of Arabic Vocabulary,Designed for students approaching Arabic for the first time the book provides them with all the tools necessary to develop skills in reading and writing Arabic. Students will learn Arabic grammar and vocabulary and be able to translate key Arabic passages from biblical and qur'anic texts. The download includes every term in the grammar as well as readings from the exercises.0310093287,9780310093282 P,B0BK55P1W9 A

Koehler-Baumgartner,Hebrew & Aramaic Lexicon of the Old Testament (01) (2002),B008AUEHYC,9789004124455 H

Merle-plummer,,Beginning with New Testament Greek (2020),An Introductory Study of the Grammar and Syntax of the New Testament,Designed for those new to Greek, this is a user-friendly textbook for elementary Greek courses at the college or seminary level. 1433650568,9781433650567 H,B08DXNRYFK,9781433650574 K

Mounce,WD,Basics of Biblical Greek Grammar 4th Edition (2019),Mounce is the standard textbook for colleges and seminaries.,0310537436,9780310537434 H,B07DT3LSZJ,9780310537441 K 

Pratico-VanPelt,

Van Pelt,M,Basics of Biblical Aramaic, Second Edition (2023),Complete Grammar, Lexicon, and Annotated Text,Most of the Bible's verses that occur in Aramaic are in Ezra and Daniel, a linguistic occurrence that developed as a result of Israel's exile in Babylon. Totaling 269 verses, Aramaic is key language students of the Old Testament will need to master.,0310141125,9780310141129 P,B0BN1D2DZ6,9780310141136 K

Wallace,W,Greek Grammar Beyond The Basics,"An Exegetical Syntax of the New Testament with Scripture, Subject, and Greek Word Indexes",0310218950,9780310218951 H